R_mean,G_mean,B_mean,Label
139.4749277750651,101.09817377726237,10.151188151041667,1. Telur Ayam Petelur_15:00_Kamera440-480lx
137.1503926595052,58.96062444051107,14.875032806396485,2. Telur Bebek_15:00_Kamera440-480lx
145.36407546997071,122.67395451863607,12.19954350789388,3. Telur Puyuh_15:00_Kamera440-480lx
