R_mean,G_mean,B_mean,Label
139.36970850626628,99.7508669535319,8.418099466959635,1. Telur Ayam Petelur_14:30_Kamera440-480lx
140.46418075561525,59.29956639607747,15.075858052571615,2. Telur Bebek_14:30_Kamera440-480lx
159.75448659261068,136.17860514322916,16.82280248006185,3. Telur Puyuh_14:30_Kamera440-480lx
