R_mean,G_mean,B_mean,Label
139.488191986084,100.85955912272135,8.984598541259766,1. Telur Ayam Petelur_13:30_Kamera440-480lx
137.93000361124675,55.8261474609375,13.581387583414713,2. Telur Bebek_13:30_Kamera440-480lx
151.13497314453124,127.64614308675131,13.06727803548177,3. Telur Puyuh_13:30_Kamera440-480lx
