R_mean,G_mean,B_mean,Label
141.92225748697916,104.29749984741211,8.929024251302083,1. Telur Ayam Petelur_12:30_Kamera440-480lx
137.12397282918295,55.628127034505205,12.838411204020183,2. Telur Bebek_12:30_Kamera440-480lx
144.62903391520183,122.01137771606446,12.252704111735026,3. Telur Puyuh_12:30_Kamera440-480lx
