R_mean,G_mean,B_mean,Label
141.9466796875,102.70855331420898,9.161798095703125,1. Telur Ayam Petelur_14:00_Kamera440-480lx
137.11863428751627,53.63392028808594,11.283899943033854,2. Telur Bebek_14:00_Kamera440-480lx
144.9856414794922,122.02641194661459,9.83416519165039,3. Telur Puyuh_14:00_Kamera440-480lx
