R_mean,G_mean,B_mean,Label
140.10716349283854,102.05342432657878,8.824186706542969,1. Telur Ayam Petelur_13:00_Kamera440-480lx
137.37113494873046,55.35040512084961,13.516826883951824,2. Telur Bebek_13:00_Kamera440-480lx
142.95756505330402,119.99334920247396,10.854305775960286,3. Telur Puyuh_13:00_Kamera440-480lx
