R_mean,G_mean,B_mean,Label
144.4355443318685,104.74096374511718,9.102136993408203,1. Telur Ayam Petelur_13:30_Kamera920-960lx
140.97757161458333,56.34960403442383,13.080764770507812,2. Telur Bebek_13:30_Kamera920-960lx
158.1258201599121,132.88538716634113,16.62230173746745,3. Telur Puyuh_13:30_Kamera920-960lx
