R_mean,G_mean,B_mean,Label
143.83869272867838,104.57073694864908,10.985506439208985,1. Telur Ayam Petelur_15:00_Kamera920-960lx
145.52458267211915,62.88308334350586,16.879556528727214,2. Telur Bebek_15:00_Kamera920-960lx
147.50388870239257,124.10884628295898,15.593890126546224,3. Telur Puyuh_15:00_Kamera920-960lx
