R_mean,G_mean,B_mean,Label
143.83133646647136,104.69352060953776,8.850629425048828,1. Telur Ayam Petelur_13:00_Kamera920-960lx
143.75399576822917,57.78971583048503,13.394708760579427,2. Telur Bebek_13:00_Kamera920-960lx
147.07073872884115,122.93034108479817,11.76900634765625,3. Telur Puyuh_13:00_Kamera920-960lx
