R_mean,G_mean,B_mean,Label
145.45260009765624,105.34524078369141,9.74271469116211,1. Telur Ayam Petelur_14:00_Kamera920-960lx
141.66582387288412,56.63611119588216,13.608925374348958,2. Telur Bebek_14:00_Kamera920-960lx
146.2100570678711,122.0164675394694,12.728519439697266,3. Telur Puyuh_14:00_Kamera920-960lx
