R_mean,G_mean,B_mean,Label
145.82446873982747,106.8042121887207,8.881924438476563,1. Telur Ayam Petelur_12:30_Kamera920-960lx
140.82276814778646,56.39649302164714,12.69806162516276,2. Telur Bebek_12:30_Kamera920-960lx
147.86772384643555,123.85304183959961,13.641197967529298,3. Telur Puyuh_12:30_Kamera920-960lx
