R_mean,G_mean,B_mean,Label
145.3080726623535,105.86282831827799,10.575053151448568,1. Telur Ayam Petelur_14:30_Kamera920-960lx
147.36969451904298,63.30964991251628,16.665812683105468,2. Telur Bebek_14:30_Kamera920-960lx
169.97341817220052,143.77347564697266,19.39513727823893,3. Telur Puyuh_14:30_Kamera920-960lx
